EventId,EventTemplate,Occurrences
eecba075,<*> 3579,3
3e662616,<*> <*> 0 <*>,273
34916be1,<*> action: <*>,34
6a011320,<*> action:android.intent.action.SCREEN_ON,17
7ec027ad,<*> sensor data,17
0abafcf6,<*> <*> = <*>,254
d7ac74ca,20171223-22:15:29:636|Step_SPUtils|30002312|setTodayTotalDetailSteps=1514038440000##7007##548365##8661##12361##27173954,1
dccc7496,20171223-22:15:29:645|Step_ExtSDM|30002312|calculateCaloriesWithCache totalCalories=126775,1
61631ba6,<*> totalAltitude=240,217
4e2fcbc9,<*> : <*> <*> <*> 240,135
9545967a,20171223-22:15:29:792|Step_LSC|30002312|onStandStepChanged 3580,1
e60b64af,20171223-22:15:29:950|Step_SPUtils|30002312|setTodayTotalDetailSteps=1514038440000##7008##548365##8661##12456##27174269,1
8f289365,20171223-22:15:29:959|Step_ExtSDM|30002312|calculateCaloriesWithCache totalCalories=126797,1
08648bfe,20171223-22:15:30:331|Step_LSC|30002312|onStandStepChanged 3581,1
1dc37e14,20171223-22:15:30:632|Step_SPUtils|30002312|setTodayTotalDetailSteps=1514038440000##7009##548365##8661##12551##27174951,1
c6b004a8,20171223-22:15:30:639|Step_ExtSDM|30002312|calculateCaloriesWithCache totalCalories=126818,1
f4acf1a3,20171223-22:15:30:841|Step_LSC|30002312|onStandStepChanged 3583,1
216a1967,20171223-22:15:31:143|Step_SPUtils|30002312|setTodayTotalDetailSteps=1514038440000##7011##548365##8661##12646##27175461,1
b8e3d5ff,20171223-22:15:31:157|Step_ExtSDM|30002312|calculateCaloriesWithCache totalCalories=126861,1
56577f0b,20171223-22:15:31:841|Step_LSC|30002312|onStandStepChanged 3584,1
c54cdd93,20171223-22:15:32:147|Step_SPUtils|30002312|setTodayTotalDetailSteps=1514038440000##7012##548365##8661##12741##27176464,1
0ce90ee4,20171223-22:15:32:156|Step_ExtSDM|30002312|calculateCaloriesWithCache totalCalories=126882,1
14e082b8,20171223-22:15:32:340|Step_LSC|30002312|onStandStepChanged 3585,1
e95e75a6,20171223-22:15:32:648|Step_SPUtils|30002312|setTodayTotalDetailSteps=1514038440000##7013##548365##8661##12836##27176966,1
01149051,20171223-22:15:32:656|Step_ExtSDM|30002312|calculateCaloriesWithCache totalCalories=126904,1
5fcdb7a5,20171223-22:15:32:840|Step_LSC|30002312|onStandStepChanged 3586,1
97fd1d74,20171223-22:15:33:144|Step_SPUtils|30002312|setTodayTotalDetailSteps=1514038440000##7014##548365##8661##12931##27177463,1
c7d67e2c,20171223-22:15:33:148|Step_ExtSDM|30002312|calculateCaloriesWithCache totalCalories=126925,1
6c6a3545,20171223-22:15:33:341|Step_LSC|30002312|onStandStepChanged 3587,1
0f26718c,20171223-22:15:33:644|Step_SPUtils|30002312|setTodayTotalDetailSteps=1514038440000##7015##548365##8661##13026##27177962,1
2e6a7983,20171223-22:15:33:658|Step_ExtSDM|30002312|calculateCaloriesWithCache totalCalories=126947,1
5c6080a4,20171223-22:15:34:711|Step_LSC|30002312|onStandStepChanged 3588,1
19f00073,<*> 3589,3
761b35f8,20171223-22:15:35:12|Step_SPUtils|30002312|setTodayTotalDetailSteps=1514038440000##7017##548365##8661##13121##27179330,1
46f029cc,<*> totalCalories=126989,2
1703b836,<*> true,2
f9b226b4,"20171223-22:15:35:23|Step_StandReportReceiver|30002312|screen status unknown,think screen on",1
9e103994,20171223-22:15:35:98|Step_SPUtils|30002312|setTodayTotalDetailSteps=1514038440000##7017##548365##8661##13216##27179417,1
37fd6959,20171223-22:15:35:348|Step_LSC|30002312|onStandStepChanged 3590,1
7e6ed886,20171223-22:15:35:413|Step_SPUtils|30002312|setTodayTotalDetailSteps=1514038440000##7018##548365##8661##13311##27179732,1
c8f4484e,20171223-22:15:35:418|Step_ExtSDM|30002312|calculateCaloriesWithCache totalCalories=127011,1
90a757fd,20171223-22:15:35:848|Step_LSC|30002312|onStandStepChanged 3591,1
a46a170b,20171223-22:15:36:149|Step_SPUtils|30002312|setTodayTotalDetailSteps=1514038440000##7019##548365##8661##13406##27180468,1
9849b766,20171223-22:15:36:154|Step_ExtSDM|30002312|calculateCaloriesWithCache totalCalories=127032,1
64d323ff,20171223-22:15:36:356|Step_LSC|30002312|onStandStepChanged 3592,1
d44a0e15,20171223-22:15:36:657|Step_SPUtils|30002312|setTodayTotalDetailSteps=1514038440000##7020##548365##8661##13501##27180976,1
970213b6,20171223-22:15:36:668|Step_ExtSDM|30002312|calculateCaloriesWithCache totalCalories=127054,1
dd97999e,20171223-22:15:37:351|Step_LSC|30002312|onStandStepChanged 3593,1
8286f54f,20171223-22:15:37:653|Step_SPUtils|30002312|setTodayTotalDetailSteps=1514038440000##7021##548365##8661##13596##27181971,1
b35ac56d,20171223-22:15:37:666|Step_ExtSDM|30002312|calculateCaloriesWithCache totalCalories=127075,1
3addfdd2,20171223-22:15:37:848|Step_LSC|30002312|onStandStepChanged 3594,1
2e1050ba,20171223-22:15:38:149|Step_SPUtils|30002312|setTodayTotalDetailSteps=1514038440000##7022##548365##8661##13691##27182468,1
bfd634ef,20171223-22:15:38:159|Step_ExtSDM|30002312|calculateCaloriesWithCache totalCalories=127097,1
d713fbf5,20171223-22:15:38:349|Step_LSC|30002312|onStandStepChanged 3595,1
202423c1,20171223-22:15:38:654|Step_SPUtils|30002312|setTodayTotalDetailSteps=1514038440000##7023##548365##8661##13786##27182973,1
fd3b48f4,20171223-22:15:38:665|Step_ExtSDM|30002312|calculateCaloriesWithCache totalCalories=127118,1
c312136b,20171223-22:15:38:850|Step_LSC|30002312|onStandStepChanged 3596,1
ba298bd3,20171223-22:15:39:151|Step_SPUtils|30002312|setTodayTotalDetailSteps=1514038440000##7024##548365##8661##13881##27183469,1
606eb948,20171223-22:15:39:155|Step_ExtSDM|30002312|calculateCaloriesWithCache totalCalories=127139,1
7d8214ef,20171223-22:15:39:348|Step_LSC|30002312|onStandStepChanged 3597,1
c77df873,20171223-22:15:39:656|Step_SPUtils|30002312|setTodayTotalDetailSteps=1514038440000##7025##548365##8661##13976##27183974,1
f62e2787,20171223-22:15:39:665|Step_ExtSDM|30002312|calculateCaloriesWithCache totalCalories=127161,1
5433ae21,20171223-22:15:40:349|Step_LSC|30002312|onStandStepChanged 3598,1
34d3040d,20171223-22:15:40:653|Step_SPUtils|30002312|setTodayTotalDetailSteps=1514038440000##7026##548365##8661##14071##27184972,1
2984d850,20171223-22:15:40:668|Step_ExtSDM|30002312|calculateCaloriesWithCache totalCalories=127182,1
905e3ae7,20171223-22:15:40:848|Step_LSC|30002312|onStandStepChanged 3599,1
02077b60,20171223-22:15:41:149|Step_SPUtils|30002312|setTodayTotalDetailSteps=1514038440000##7027##548365##8661##14166##27185467,1
3f4653dd,20171223-22:15:41:152|Step_ExtSDM|30002312|calculateCaloriesWithCache totalCalories=127204,1
20720052,20171223-22:15:41:353|Step_LSC|30002312|onStandStepChanged 3600,1
92f37582,20171223-22:15:41:658|Step_SPUtils|30002312|setTodayTotalDetailSteps=1514038440000##7028##548365##8661##14261##27185977,1
2195c0a0,20171223-22:15:41:667|Step_ExtSDM|30002312|calculateCaloriesWithCache totalCalories=127225,1
4cadc617,20171223-22:15:41:848|Step_LSC|30002312|onStandStepChanged 3601,1
e087fcf7,20171223-22:15:42:151|Step_SPUtils|30002312|setTodayTotalDetailSteps=1514038440000##7029##548365##8661##14356##27186469,1
c4b78a5e,20171223-22:15:42:160|Step_ExtSDM|30002312|calculateCaloriesWithCache totalCalories=127246,1
b5deb294,20171223-22:15:42:848|Step_LSC|30002312|onStandStepChanged 3602,1
332c3f61,20171223-22:15:43:149|Step_SPUtils|30002312|setTodayTotalDetailSteps=1514038440000##7030##548365##8661##14451##27187468,1
b3365913,20171223-22:15:43:160|Step_ExtSDM|30002312|calculateCaloriesWithCache totalCalories=127268,1
87fc0850,20171223-22:15:43:348|Step_LSC|30002312|onStandStepChanged 3603,1
ba20f12e,20171223-22:15:43:650|Step_SPUtils|30002312|setTodayTotalDetailSteps=1514038440000##7031##548365##8661##14546##27187968,1
3cd06acd,20171223-22:15:43:677|Step_ExtSDM|30002312|calculateCaloriesWithCache totalCalories=127289,1
58d911e5,20171223-22:15:43:850|Step_LSC|30002312|onStandStepChanged 3604,1
87ea3a0c,20171223-22:15:44:152|Step_SPUtils|30002312|setTodayTotalDetailSteps=1514038440000##7032##548365##8661##14641##27188471,1
9ee36a05,20171223-22:15:44:163|Step_ExtSDM|30002312|calculateCaloriesWithCache totalCalories=127311,1
bb5988b1,20171223-22:15:44:849|Step_LSC|30002312|onStandStepChanged 3605,1
b9df0df8,20171223-22:15:45:150|Step_SPUtils|30002312|setTodayTotalDetailSteps=1514038440000##7033##548365##8661##14736##27189469,1
8d0d2cc8,20171223-22:15:45:158|Step_ExtSDM|30002312|calculateCaloriesWithCache totalCalories=127332,1
47afcce3,20171223-22:15:45:348|Step_LSC|30002312|onStandStepChanged 3606,1
6d5adf5f,20171223-22:15:45:650|Step_SPUtils|30002312|setTodayTotalDetailSteps=1514038440000##7034##548365##8661##14831##27189969,1
95265bc7,20171223-22:15:45:656|Step_ExtSDM|30002312|calculateCaloriesWithCache totalCalories=127354,1
e721d158,20171223-22:15:45:848|Step_LSC|30002312|onStandStepChanged 3607,1
e773e562,20171223-22:15:46:150|Step_SPUtils|30002312|setTodayTotalDetailSteps=1514038440000##7035##548365##8661##14926##27190469,1
1afbe9d7,20171223-22:15:46:157|Step_ExtSDM|30002312|calculateCaloriesWithCache totalCalories=127375,1
70e31c92,20171223-22:15:46:349|Step_LSC|30002312|onStandStepChanged 3608,1
50fa526b,20171223-22:15:46:651|Step_SPUtils|30002312|setTodayTotalDetailSteps=1514038440000##7036##548365##8661##15021##27190970,1
a8425170,20171223-22:15:46:674|Step_ExtSDM|30002312|calculateCaloriesWithCache totalCalories=127396,1
b4ff0138,20171223-22:15:47:349|Step_LSC|30002312|onStandStepChanged 3609,1
dcb48754,20171223-22:15:47:650|Step_SPUtils|30002312|setTodayTotalDetailSteps=1514038440000##7037##548365##8661##15116##27191969,1
097d2a8f,20171223-22:15:47:658|Step_ExtSDM|30002312|calculateCaloriesWithCache totalCalories=127418,1
05f5ed08,20171223-22:15:47:857|Step_LSC|30002312|onStandStepChanged 3610,1
c16f7f0e,20171223-22:15:48:159|Step_SPUtils|30002312|setTodayTotalDetailSteps=1514038440000##7038##548365##8661##15211##27192478,1
8ecb9067,20171223-22:15:48:167|Step_ExtSDM|30002312|calculateCaloriesWithCache totalCalories=127439,1
84c13838,20171223-22:15:48:350|Step_LSC|30002312|onStandStepChanged 3611,1
e801cee6,20171223-22:15:48:653|Step_SPUtils|30002312|setTodayTotalDetailSteps=1514038440000##7039##548365##8661##15306##27192971,1
419559c1,20171223-22:15:48:668|Step_ExtSDM|30002312|calculateCaloriesWithCache totalCalories=127461,1
7dc013f8,20171223-22:15:49:350|Step_LSC|30002312|onStandStepChanged 3612,1
9e2c0816,20171223-22:15:49:653|Step_SPUtils|30002312|setTodayTotalDetailSteps=1514038440000##7040##548365##8661##15401##27193971,1
d6934aab,20171223-22:15:49:668|Step_ExtSDM|30002312|calculateCaloriesWithCache totalCalories=127482,1
5510e89c,20171223-22:15:49:858|Step_LSC|30002312|onStandStepChanged 3613,1
eaf3fd61,20171223-22:15:50:161|Step_SPUtils|30002312|setTodayTotalDetailSteps=1514038440000##7041##548365##8661##15496##27194480,1
058dd72e,20171223-22:15:50:176|Step_ExtSDM|30002312|calculateCaloriesWithCache totalCalories=127504,1
f58b7514,20171223-22:15:50:850|Step_LSC|30002312|onStandStepChanged 3614,1
d05e1c32,20171223-22:15:51:152|Step_SPUtils|30002312|setTodayTotalDetailSteps=1514038440000##7042##548365##8661##15591##27195470,1
0623e646,20171223-22:15:51:169|Step_ExtSDM|30002312|calculateCaloriesWithCache totalCalories=127525,1
25d20066,20171223-22:15:51:859|Step_LSC|30002312|onStandStepChanged 3616,1
2e785ea3,20171223-22:15:52:161|Step_SPUtils|30002312|setTodayTotalDetailSteps=1514038440000##7044##548365##8661##15686##27196480,1
dca0a536,20171223-22:15:52:175|Step_ExtSDM|30002312|calculateCaloriesWithCache totalCalories=127568,1
dfc905a6,20171223-22:15:52:349|Step_LSC|30002312|onStandStepChanged 3617,1
d8041bf3,20171223-22:15:52:652|Step_SPUtils|30002312|setTodayTotalDetailSteps=1514038440000##7045##548365##8661##15781##27196970,1
ebe383d4,20171223-22:15:52:666|Step_ExtSDM|30002312|calculateCaloriesWithCache totalCalories=127589,1
53049c65,20171223-22:15:53:349|Step_LSC|30002312|onStandStepChanged 3619,1
8620c92c,20171223-22:15:53:653|Step_SPUtils|30002312|setTodayTotalDetailSteps=1514038440000##7047##548365##8661##15876##27197972,1
3e0c8a3a,20171223-22:15:53:665|Step_ExtSDM|30002312|calculateCaloriesWithCache totalCalories=127632,1
61d64ec8,20171223-22:15:54:350|Step_LSC|30002312|onStandStepChanged 3620,1
a2b5d80e,20171223-22:15:54:651|Step_SPUtils|30002312|setTodayTotalDetailSteps=1514038440000##7048##548365##8661##15971##27198970,1
d749041f,20171223-22:15:54:657|Step_ExtSDM|30002312|calculateCaloriesWithCache totalCalories=127653,1
5a285d62,20171223-22:15:55:349|Step_LSC|30002312|onStandStepChanged 3622,1
a7a099d9,20171223-22:15:55:650|Step_SPUtils|30002312|setTodayTotalDetailSteps=1514038440000##7050##548365##8661##16066##27199969,1
0bf43272,20171223-22:15:55:657|Step_ExtSDM|30002312|calculateCaloriesWithCache totalCalories=127696,1
dd036156,20171223-22:15:55:848|Step_LSC|30002312|onStandStepChanged 3624,1
c685dd54,20171223-22:15:56:151|Step_SPUtils|30002312|setTodayTotalDetailSteps=1514038440000##7052##548365##8661##16161##27200470,1
4297f9b1,20171223-22:15:56:163|Step_ExtSDM|30002312|calculateCaloriesWithCache totalCalories=127739,1
cd51dacb,20171223-22:15:57:851|Step_LSC|30002312|onStandStepChanged 3625,1
d4827217,20171223-22:15:58:156|Step_SPUtils|30002312|setTodayTotalDetailSteps=1514038440000##7053##548365##8661##16256##27202475,1
38938fee,20171223-22:15:58:170|Step_ExtSDM|30002312|calculateCaloriesWithCache totalCalories=127761,1
2b8e5989,<*> 3626,3
4682edd2,<*> action:android.intent.action.TIME_TICK,144
8fdc0e08,20171223-22:16:0:150|Step_SPUtils|30002312|setTodayTotalDetailSteps=1514038500000##7054##548458##8661##16256##27204469,1
4ce2f279,<*> totalCalories=127782,3
fd2800af,20171223-22:16:1:150|Step_SPUtils|30002312|setTodayTotalDetailSteps=1514038500000##7054##548551##8661##16256##27205469,1
5fb842b4,20171223-22:17:19:152|Step_SPUtils|30002312|setTodayTotalDetailSteps=1514038560000##7054##548552##8661##16256##27283470,1
5dc42e85,20171223-22:17:20:348|Step_LSC|30002312|onStandStepChanged 3628,1
6df85ce3,20171223-22:17:20:652|Step_SPUtils|30002312|setTodayTotalDetailSteps=1514038560000##7056##548553##8661##16256##27284971,1
f0f419b6,20171223-22:17:20:662|Step_ExtSDM|30002312|calculateCaloriesWithCache totalCalories=127824,1
b9174f3e,20171223-22:17:20:853|Step_LSC|30002312|onStandStepChanged 3630,1
8122d879,20171223-22:17:21:156|Step_SPUtils|30002312|setTodayTotalDetailSteps=1514038560000##7058##548554##8661##16256##27285475,1
d898f233,20171223-22:17:21:162|Step_ExtSDM|30002312|calculateCaloriesWithCache totalCalories=127867,1
b5c697c0,20171223-22:17:21:348|Step_LSC|30002312|onStandStepChanged 3632,1
4144f7be,20171223-22:17:21:649|Step_SPUtils|30002312|setTodayTotalDetailSteps=1514038560000##7060##548555##8661##16256##27285968,1
59f2c656,20171223-22:17:21:659|Step_ExtSDM|30002312|calculateCaloriesWithCache totalCalories=127910,1
777c8f59,20171223-22:17:21:850|Step_LSC|30002312|onStandStepChanged 3634,1
531ceac4,20171223-22:17:22:152|Step_SPUtils|30002312|setTodayTotalDetailSteps=1514038560000##7062##548556##8661##16256##27286470,1
f77ae5cf,20171223-22:17:22:162|Step_ExtSDM|30002312|calculateCaloriesWithCache totalCalories=127953,1
f26cd8c1,20171223-22:17:22:348|Step_LSC|30002312|onStandStepChanged 3636,1
54318bc2,20171223-22:17:22:651|Step_SPUtils|30002312|setTodayTotalDetailSteps=1514038560000##7064##548557##8661##16256##27286970,1
80f986ed,20171223-22:17:22:661|Step_ExtSDM|30002312|calculateCaloriesWithCache totalCalories=127996,1
5db762f3,20171223-22:17:22:849|Step_LSC|30002312|onStandStepChanged 3638,1
34b98f06,20171223-22:17:23:150|Step_SPUtils|30002312|setTodayTotalDetailSteps=1514038560000##7066##548558##8661##16256##27287469,1
3c69fc6a,20171223-22:17:23:160|Step_ExtSDM|30002312|calculateCaloriesWithCache totalCalories=128039,1
253f323e,20171223-22:17:23:348|Step_LSC|30002312|onStandStepChanged 3640,1
51a36fef,20171223-22:17:23:653|Step_SPUtils|30002312|setTodayTotalDetailSteps=1514038560000##7068##548559##8661##16256##27287972,1
51beda30,20171223-22:17:23:662|Step_ExtSDM|30002312|calculateCaloriesWithCache totalCalories=128081,1
1ddee929,20171223-22:17:23:851|Step_LSC|30002312|onStandStepChanged 3642,1
417a7652,20171223-22:17:24:152|Step_SPUtils|30002312|setTodayTotalDetailSteps=1514038560000##7070##548560##8661##16256##27288471,1
acb5e94a,20171223-22:17:24:162|Step_ExtSDM|30002312|calculateCaloriesWithCache totalCalories=128124,1
fbd57901,20171223-22:17:24:348|Step_LSC|30002312|onStandStepChanged 3643,1
03866f8d,20171223-22:17:24:654|Step_SPUtils|30002312|setTodayTotalDetailSteps=1514038560000##7071##548561##8661##16256##27288973,1
24dfdb65,20171223-22:17:24:664|Step_ExtSDM|30002312|calculateCaloriesWithCache totalCalories=128146,1
e430629f,<*> 3646,2
59117ea8,20171223-22:17:25:151|Step_SPUtils|30002312|setTodayTotalDetailSteps=1514038560000##7074##548562##8661##16256##27289470,1
fd0e7abf,<*> totalCalories=128210,2
5973bdce,20171223-22:17:28:156|Step_SPUtils|30002312|setTodayTotalDetailSteps=1514038560000##7074##548563##8661##16256##27292475,1
00f29f75,20171223-22:17:44:849|Step_LSC|30002312|onStandStepChanged 3647,1
fec066b8,20171223-22:17:45:151|Step_SPUtils|30002312|setTodayTotalDetailSteps=1514038560000##7075##548564##8661##16256##27309470,1
24511eb6,20171223-22:17:45:162|Step_ExtSDM|30002312|calculateCaloriesWithCache totalCalories=128231,1
c2f15161,20171223-22:17:45:348|Step_LSC|30002312|onStandStepChanged 3649,1
68997606,20171223-22:17:45:650|Step_SPUtils|30002312|setTodayTotalDetailSteps=1514038560000##7077##548565##8661##16256##27309969,1
ce9c8430,20171223-22:17:45:663|Step_ExtSDM|30002312|calculateCaloriesWithCache totalCalories=128274,1
c474fa57,20171223-22:17:45:851|Step_LSC|30002312|onStandStepChanged 3651,1
4d20292a,20171223-22:17:46:154|Step_SPUtils|30002312|setTodayTotalDetailSteps=1514038560000##7079##548566##8661##16256##27310473,1
f7578b66,20171223-22:17:46:163|Step_ExtSDM|30002312|calculateCaloriesWithCache totalCalories=128317,1
4d769aad,20171223-22:17:46:349|Step_LSC|30002312|onStandStepChanged 3653,1
553e46e2,20171223-22:17:46:651|Step_SPUtils|30002312|setTodayTotalDetailSteps=1514038560000##7081##548567##8661##16256##27310970,1
bca23b9a,20171223-22:17:46:659|Step_ExtSDM|30002312|calculateCaloriesWithCache totalCalories=128360,1
e8141f11,20171223-22:17:46:848|Step_LSC|30002312|onStandStepChanged 3655,1
84b1aa42,20171223-22:17:47:154|Step_SPUtils|30002312|setTodayTotalDetailSteps=1514038560000##7083##548568##8661##16256##27311472,1
74575a27,20171223-22:17:47:163|Step_ExtSDM|30002312|calculateCaloriesWithCache totalCalories=128403,1
04e3f078,20171223-22:17:47:349|Step_LSC|30002312|onStandStepChanged 3656,1
be9b3028,20171223-22:17:47:652|Step_SPUtils|30002312|setTodayTotalDetailSteps=1514038560000##7084##548569##8661##16256##27311970,1
c6dc61ce,20171223-22:17:47:659|Step_ExtSDM|30002312|calculateCaloriesWithCache totalCalories=128424,1
a8077e0e,20171223-22:17:47:848|Step_LSC|30002312|onStandStepChanged 3658,1
62b386f8,20171223-22:17:48:149|Step_SPUtils|30002312|setTodayTotalDetailSteps=1514038560000##7086##548570##8661##16256##27312467,1
62a28435,20171223-22:17:48:157|Step_ExtSDM|30002312|calculateCaloriesWithCache totalCalories=128467,1
4b66d48f,20171223-22:17:48:348|Step_LSC|30002312|onStandStepChanged 3660,1
d6ca835b,20171223-22:17:48:649|Step_SPUtils|30002312|setTodayTotalDetailSteps=1514038560000##7088##548571##8661##16256##27312967,1
dc555620,20171223-22:17:48:656|Step_ExtSDM|30002312|calculateCaloriesWithCache totalCalories=128510,1
1d049d2a,20171223-22:17:48:848|Step_LSC|30002312|onStandStepChanged 3662,1
84656138,20171223-22:17:49:149|Step_SPUtils|30002312|setTodayTotalDetailSteps=1514038560000##7090##548572##8661##16256##27313468,1
91d9f7cc,20171223-22:17:49:162|Step_ExtSDM|30002312|calculateCaloriesWithCache totalCalories=128553,1
691b4c90,20171223-22:17:49:353|Step_LSC|30002312|onStandStepChanged 3664,1
ba6c599a,20171223-22:17:49:655|Step_SPUtils|30002312|setTodayTotalDetailSteps=1514038560000##7092##548573##8661##16256##27313974,1
f5c335fd,20171223-22:17:49:661|Step_ExtSDM|30002312|calculateCaloriesWithCache totalCalories=128595,1
fb0d978f,20171223-22:17:49:848|Step_LSC|30002312|onStandStepChanged 3666,1
6b997881,20171223-22:17:50:149|Step_SPUtils|30002312|setTodayTotalDetailSteps=1514038560000##7094##548574##8661##16256##27314468,1
69f624fa,20171223-22:17:50:156|Step_ExtSDM|30002312|calculateCaloriesWithCache totalCalories=128638,1
dd0ca79d,20171223-22:17:50:348|Step_LSC|30002312|onStandStepChanged 3667,1
bf972e0b,20171223-22:17:50:649|Step_SPUtils|30002312|setTodayTotalDetailSteps=1514038560000##7095##548575##8661##16256##27314968,1
ab1d66ff,20171223-22:17:50:658|Step_ExtSDM|30002312|calculateCaloriesWithCache totalCalories=128660,1
5dc49619,20171223-22:17:50:849|Step_LSC|30002312|onStandStepChanged 3669,1
bdbc0936,20171223-22:17:51:150|Step_SPUtils|30002312|setTodayTotalDetailSteps=1514038560000##7097##548576##8661##16256##27315469,1
1fc83e13,20171223-22:17:51:158|Step_ExtSDM|30002312|calculateCaloriesWithCache totalCalories=128703,1
1bd8f360,20171223-22:17:51:362|Step_LSC|30002312|onStandStepChanged 3671,1
14527202,20171223-22:17:51:664|Step_SPUtils|30002312|setTodayTotalDetailSteps=1514038560000##7099##548577##8661##16256##27315983,1
dcc947a6,20171223-22:17:51:673|Step_ExtSDM|30002312|calculateCaloriesWithCache totalCalories=128745,1
d655d278,20171223-22:17:51:848|Step_LSC|30002312|onStandStepChanged 3673,1
c9db358d,20171223-22:17:52:152|Step_SPUtils|30002312|setTodayTotalDetailSteps=1514038560000##7101##548578##8661##16256##27316470,1
437d8924,20171223-22:17:52:162|Step_ExtSDM|30002312|calculateCaloriesWithCache totalCalories=128788,1
665e1dc7,20171223-22:17:52:848|Step_LSC|30002312|onStandStepChanged 3674,1
a1c0e688,20171223-22:17:53:149|Step_SPUtils|30002312|setTodayTotalDetailSteps=1514038560000##7102##548579##8661##16256##27317468,1
d866c706,20171223-22:17:53:163|Step_ExtSDM|30002312|calculateCaloriesWithCache totalCalories=128810,1
e92783e8,20171223-22:17:53:849|Step_LSC|30002312|onStandStepChanged 3675,1
7aab992b,20171223-22:17:54:153|Step_SPUtils|30002312|setTodayTotalDetailSteps=1514038560000##7103##548580##8661##16256##27318472,1
79199cb6,20171223-22:17:54:167|Step_ExtSDM|30002312|calculateCaloriesWithCache totalCalories=128831,1
398bd2e8,20171223-22:17:54:849|Step_LSC|30002312|onStandStepChanged 3676,1
134ad686,20171223-22:17:55:154|Step_SPUtils|30002312|setTodayTotalDetailSteps=1514038560000##7104##548581##8661##16256##27319473,1
b0f2c587,20171223-22:17:55:162|Step_ExtSDM|30002312|calculateCaloriesWithCache totalCalories=128853,1
9c7ced65,20171223-22:17:55:348|Step_LSC|30002312|onStandStepChanged 3677,1
e92062f3,20171223-22:17:55:649|Step_SPUtils|30002312|setTodayTotalDetailSteps=1514038560000##7105##548582##8661##16256##27319968,1
3c2e51e5,20171223-22:17:55:658|Step_ExtSDM|30002312|calculateCaloriesWithCache totalCalories=128874,1
f293a204,20171223-22:17:56:349|Step_LSC|30002312|onStandStepChanged 3678,1
83ed3d39,20171223-22:17:56:651|Step_SPUtils|30002312|setTodayTotalDetailSteps=1514038560000##7106##548583##8661##16256##27320969,1
0ac570b8,20171223-22:17:56:666|Step_ExtSDM|30002312|calculateCaloriesWithCache totalCalories=128895,1
885008b1,20171223-22:17:57:349|Step_LSC|30002312|onStandStepChanged 3679,1
90c6b4b0,20171223-22:17:57:650|Step_SPUtils|30002312|setTodayTotalDetailSteps=1514038560000##7107##548584##8661##16256##27321969,1
c17f3787,20171223-22:17:57:659|Step_ExtSDM|30002312|calculateCaloriesWithCache totalCalories=128917,1
043a77cd,20171223-22:17:57:849|Step_LSC|30002312|onStandStepChanged 3681,1
50b82703,20171223-22:17:58:151|Step_SPUtils|30002312|setTodayTotalDetailSteps=1514038560000##7109##548585##8661##16256##27322469,1
c2faf6dc,20171223-22:17:58:159|Step_ExtSDM|30002312|calculateCaloriesWithCache totalCalories=128960,1
a0f109d2,20171223-22:17:59:858|Step_LSC|30002312|onStandStepChanged 3683,1
3dcb63cf,20171223-22:18:0:159|Step_SPUtils|30002312|setTodayTotalDetailSteps=1514038620000##7111##548640##8661##16256##27324478,1
abf2a46c,20171223-22:18:0:168|Step_ExtSDM|30002312|calculateCaloriesWithCache totalCalories=129002,1
c34648ed,20171223-22:18:1:349|Step_LSC|30002312|onStandStepChanged 3684,1
92986e92,20171223-22:18:1:650|Step_SPUtils|30002312|setTodayTotalDetailSteps=1514038620000##7112##548695##8661##16256##27325968,1
5db77cae,20171223-22:18:1:659|Step_ExtSDM|30002312|calculateCaloriesWithCache totalCalories=129024,1
dbab7440,20171223-22:18:2:349|Step_LSC|30002312|onStandStepChanged 3685,1
637c5a69,20171223-22:18:2:650|Step_SPUtils|30002312|setTodayTotalDetailSteps=1514038620000##7113##548750##8661##16256##27326969,1
48d57368,20171223-22:18:2:659|Step_ExtSDM|30002312|calculateCaloriesWithCache totalCalories=129045,1
089952f8,<*> 3686,2
b99b5e61,20171223-22:18:5:653|Step_SPUtils|30002312|setTodayTotalDetailSteps=1514038620000##7114##548805##8661##16256##27329972,1
9f633f9f,<*> totalCalories=129067,2
8fd080c1,20171223-22:18:6:151|Step_SPUtils|30002312|setTodayTotalDetailSteps=1514038620000##7114##548860##8661##16256##27330470,1
b83cf8b4,20171223-22:19:7:854|Step_LSC|30002312|onStandStepChanged 3689,1
c3009d75,20171223-22:19:8:156|Step_SPUtils|30002312|setTodayTotalDetailSteps=1514038680000##7117##548865##8661##16256##27392475,1
9da3a5c8,20171223-22:19:8:163|Step_ExtSDM|30002312|calculateCaloriesWithCache totalCalories=129131,1
166c829c,20171223-22:19:8:357|Step_LSC|30002312|onStandStepChanged 3694,1
30c95b43,20171223-22:19:8:660|Step_SPUtils|30002312|setTodayTotalDetailSteps=1514038680000##7122##548870##8661##16256##27392978,1
222af0a4,20171223-22:19:8:675|Step_ExtSDM|30002312|calculateCaloriesWithCache totalCalories=129238,1
a03074f7,20171223-22:19:8:849|Step_LSC|30002312|onStandStepChanged 3696,1
3d947f0f,20171223-22:19:9:151|Step_SPUtils|30002312|setTodayTotalDetailSteps=1514038680000##7124##548875##8661##16256##27393470,1
d49a3efc,20171223-22:19:9:158|Step_ExtSDM|30002312|calculateCaloriesWithCache totalCalories=129281,1
a788b5d9,20171223-22:19:9:348|Step_LSC|30002312|onStandStepChanged 3698,1
754eac92,20171223-22:19:9:652|Step_SPUtils|30002312|setTodayTotalDetailSteps=1514038680000##7126##548880##8661##16256##27393971,1
6ee11f4d,20171223-22:19:9:662|Step_ExtSDM|30002312|calculateCaloriesWithCache totalCalories=129324,1
d2e221dc,20171223-22:19:9:849|Step_LSC|30002312|onStandStepChanged 3700,1
a806d05f,20171223-22:19:10:150|Step_SPUtils|30002312|setTodayTotalDetailSteps=1514038680000##7128##548885##8661##16256##27394469,1
22e1e89b,20171223-22:19:10:160|Step_ExtSDM|30002312|calculateCaloriesWithCache totalCalories=129366,1
48b666c4,20171223-22:19:10:348|Step_LSC|30002312|onStandStepChanged 3702,1
c1dfc864,20171223-22:19:10:650|Step_SPUtils|30002312|setTodayTotalDetailSteps=1514038680000##7130##548890##8661##16256##27394969,1
f5892b6f,20171223-22:19:10:658|Step_ExtSDM|30002312|calculateCaloriesWithCache totalCalories=129409,1
ec33c9bd,20171223-22:19:10:848|Step_LSC|30002312|onStandStepChanged 3704,1
90d90c1a,20171223-22:19:11:150|Step_SPUtils|30002312|setTodayTotalDetailSteps=1514038680000##7132##548895##8661##16256##27395468,1
5dc7f091,20171223-22:19:11:160|Step_ExtSDM|30002312|calculateCaloriesWithCache totalCalories=129452,1
d1b50f3c,20171223-22:19:11:349|Step_LSC|30002312|onStandStepChanged 3707,1
8c262f03,20171223-22:19:11:651|Step_SPUtils|30002312|setTodayTotalDetailSteps=1514038680000##7135##548900##8661##16256##27395969,1
c85554e3,20171223-22:19:11:658|Step_ExtSDM|30002312|calculateCaloriesWithCache totalCalories=129516,1
c003cfac,20171223-22:19:11:848|Step_LSC|30002312|onStandStepChanged 3711,1
75ca78d9,20171223-22:19:12:154|Step_SPUtils|30002312|setTodayTotalDetailSteps=1514038680000##7139##548905##8661##16256##27396473,1
2d249baa,20171223-22:19:12:162|Step_ExtSDM|30002312|calculateCaloriesWithCache totalCalories=129602,1
2641d6aa,20171223-22:19:12:349|Step_LSC|30002312|onStandStepChanged 3712,1
d93eeb5b,20171223-22:19:12:650|Step_SPUtils|30002312|setTodayTotalDetailSteps=1514038680000##7140##548910##8661##16256##27396969,1
3cfff94f,20171223-22:19:12:658|Step_ExtSDM|30002312|calculateCaloriesWithCache totalCalories=129623,1
6f4f4da1,<*> 3726,2
c840de71,20171223-22:19:14:656|Step_SPUtils|30002312|setTodayTotalDetailSteps=1514038680000##7154##548915##8661##16256##27398975,1
93b02291,<*> totalCalories=129923,2
91f05b83,20171223-22:19:16:157|Step_SPUtils|30002312|setTodayTotalDetailSteps=1514038680000##7154##548920##8661##16256##27400475,1
e4610095,<*> 3732,4
de6abe84,20171223-22:19:57:778|Step_SPUtils|30002312|setTodayTotalDetailSteps=1514038680000##7160##548925##8661##16256##27442097,1
2280a2a8,<*> totalCalories=130052,2
1166e35b,20171223-22:19:58:97|Step_SPUtils|30002312|setTodayTotalDetailSteps=1514038680000##7160##548930##8661##16256##27442416,1
f3c6d16b,20171223-22:19:58:363|Step_LSC|30002312|onStandStepChanged 3735,1
08feb8e0,20171223-22:19:58:363|Step_LSC|30002312|flushTempCacheToDB by stand,1
ca498771,20171223-22:19:58:366|Step_LSC|30002312|Alarm uploadStaticsToDB totalSteps=7163Calories:153367Floor:240Distance:5112,1
39d8fdac,20171223-22:19:58:366|Step_FlushableStepDataCache|30002312|writeDataToDB size 327,1
b37ab992,20171223-22:19:58:366|Step_FlushableStepDataCache|30002312|upLoadOneMinuteDataToEngine <*>,4
47adf391,"20171223-22:19:58:367|Step_FlushableStepDataCache|30002312|upLoadOneMinuteDataToEngine time=25233979,0,46,0,20002",1
d96204ab,"<*> isAppValid health or wear, packageName = com.huawei.health",2
2c4eecd0,<*> checkAppType 0 appID = 1,2
7f0236cc,"<*> size = <*> = 1,One Data Type = <*> = com.huawei.health,writeStatType = 0",2
8ba59b09,"<*> type <*> = 1513958400000,statClient = 2,who is 1",4
c47f6f71,"<*> date =20171223, <*>",17
85f36ea9,<*> <*> fail <*> = <*> = <*>,3
b6e99849,<*> size = <*> = <*>,3
2fc42284,<*> end totalTime = <*>,2
17ba5f0f,<*> <*> type = <*> <*>,2
4f04f884,20171223-22:19:58:411|Step_LSC|30002312|uploadStaticsToDB failed message=true,1
e7ace574,<*> <*> or <*> is enough,4
d1af4a00,"<*> appSynTimes is 0, statsyncTimes is 0",2
7b30420c,"<*> start auto sync,app is 1",2
d79f0616,"<*> no such data in db ,type is 1 deviceCode is 0",2
8042a331,"<*> first 500 steps sync,do all sync",2
51b8bd2c,"<*> hiSyncOption = <*> syncMethod=2, syncScope=0, syncDataType=20000, syncModel=2, pushAction=0},app = 1 who = 1",5
75adfc66,<*> <*> is <*>,8
959470fb,"<*> the <*> switch is open, start push <*> data!",10
d35b3c81,<*> the <*> is true,10
edc5a606,<*> not! no cloud version,5
1d8d7c32,20171223-22:19:58:428|HiH_HiBroadcastUtil|30002312|sendSyncFailedBroadcast,1
7e16c52f,20171223-22:19:58:505|Step_FlushableStepDataCache|30002312|InsertEvent success begin:25233975 end:25233979,1
8e7b5da0,20171223-22:19:58:505|Step_SPUtils|30002312|setWriteDBLastDataMinute=25233979,1
9652bdb9,20171223-22:19:58:508|Step_SPUtils|30002312|setWriteDBLastDataMinute success,1
ed0343ca,20171223-22:19:58:508|Step_LSC|30002312|flush2DB result success,1
e07da6bc,20171223-22:19:58:508|Step_SPUtils|30002312|setTodayTotalDetailSteps=1514038680000##7163##548935##8661##16256##27442827,1
c4406b3e,20171223-22:19:58:513|Step_ExtSDM|30002312|calculateCaloriesWithCache totalCalories=130116,1
a73bd332,20171223-22:19:58:518|HiH_HiBroadcastUtil|30002312|sendSyncFailedBroadcast,1
6c60a23d,20171223-22:19:58:863|Step_LSC|30002312|onStandStepChanged 3737,1
c6f50235,20171223-22:19:59:166|Step_SPUtils|30002312|setTodayTotalDetailSteps=1514038680000##7165##548940##8661##16256##27443484,1
80a44423,20171223-22:19:59:175|Step_ExtSDM|30002312|calculateCaloriesWithCache totalCalories=130159,1
9a28497c,20171223-22:19:59:365|Step_LSC|30002312|onStandStepChanged 3739,1
fdd24670,20171223-22:19:59:667|Step_SPUtils|30002312|setTodayTotalDetailSteps=1514038680000##7167##548945##8661##16256##27443986,1
63882067,20171223-22:19:59:677|Step_ExtSDM|30002312|calculateCaloriesWithCache totalCalories=130201,1
93cd2391,20171223-22:19:59:862|Step_LSC|30002312|onStandStepChanged 3742,1
65ecb703,20171223-22:20:0:165|Step_SPUtils|30002312|setTodayTotalDetailSteps=1514038740000##7170##548996##8661##16256##27444484,1
34a3f70f,20171223-22:20:0:174|Step_ExtSDM|30002312|calculateCaloriesWithCache totalCalories=130266,1
797edbca,20171223-22:20:0:363|Step_LSC|30002312|onStandStepChanged 3745,1
f2f5821e,20171223-22:20:0:666|Step_SPUtils|30002312|setTodayTotalDetailSteps=1514038740000##7173##549047##8661##16256##27444985,1
b670cf12,20171223-22:20:0:679|Step_ExtSDM|30002312|calculateCaloriesWithCache totalCalories=130330,1
675279ac,20171223-22:20:0:863|Step_LSC|30002312|onStandStepChanged 3746,1
34979427,20171223-22:20:1:166|Step_SPUtils|30002312|setTodayTotalDetailSteps=1514038740000##7174##549098##8661##16256##27445485,1
8fb165c2,20171223-22:20:1:181|Step_ExtSDM|30002312|calculateCaloriesWithCache totalCalories=130351,1
4db9dea5,20171223-22:20:1:363|Step_LSC|30002312|onStandStepChanged 3748,1
7a84cab0,20171223-22:20:1:665|Step_SPUtils|30002312|setTodayTotalDetailSteps=1514038740000##7176##549149##8661##16256##27445983,1
7aa8a606,20171223-22:20:1:679|Step_ExtSDM|30002312|calculateCaloriesWithCache totalCalories=130394,1
a5b311b0,20171223-22:20:1:863|Step_LSC|30002312|onStandStepChanged 3751,1
f98a92ec,20171223-22:20:2:165|Step_SPUtils|30002312|setTodayTotalDetailSteps=1514038740000##7179##549200##8661##16256##27446483,1
9e3a32fd,20171223-22:20:2:174|Step_ExtSDM|30002312|calculateCaloriesWithCache totalCalories=130458,1
80bc6d48,20171223-22:20:2:365|Step_LSC|30002312|onStandStepChanged 3753,1
29d739ac,20171223-22:20:2:671|Step_SPUtils|30002312|setTodayTotalDetailSteps=1514038740000##7181##549251##8661##16256##27446989,1
f1649e9b,20171223-22:20:2:678|Step_ExtSDM|30002312|calculateCaloriesWithCache totalCalories=130501,1
4acbc6db,20171223-22:20:2:863|Step_LSC|30002312|onStandStepChanged 3755,1
e19e1695,20171223-22:20:3:165|Step_SPUtils|30002312|setTodayTotalDetailSteps=1514038740000##7183##549302##8661##16256##27447483,1
246c0ee1,20171223-22:20:3:175|Step_ExtSDM|30002312|calculateCaloriesWithCache totalCalories=130544,1
81e30c60,20171223-22:20:3:862|Step_LSC|30002312|onStandStepChanged 3757,1
86b5d487,20171223-22:20:4:167|Step_SPUtils|30002312|setTodayTotalDetailSteps=1514038740000##7185##549353##8661##16256##27448486,1
0d66b067,20171223-22:20:4:187|Step_ExtSDM|30002312|calculateCaloriesWithCache totalCalories=130587,1
90e2cbb8,20171223-22:20:4:362|Step_LSC|30002312|onStandStepChanged 3758,1
ef93c655,20171223-22:20:4:665|Step_SPUtils|30002312|setTodayTotalDetailSteps=1514038740000##7186##549404##8661##16256##27448983,1
bda73151,20171223-22:20:4:673|Step_ExtSDM|30002312|calculateCaloriesWithCache totalCalories=130608,1
7d71afcb,20171223-22:20:5:362|Step_LSC|30002312|onStandStepChanged 3759,1
b9111db6,20171223-22:20:5:664|Step_SPUtils|30002312|setTodayTotalDetailSteps=1514038740000##7187##549455##8661##16256##27449982,1
0335ef9e,20171223-22:20:5:672|Step_ExtSDM|30002312|calculateCaloriesWithCache totalCalories=130630,1
7fea72e8,20171223-22:20:7:364|Step_LSC|30002312|onStandStepChanged 3760,1
430c9087,20171223-22:20:7:666|Step_SPUtils|30002312|setTodayTotalDetailSteps=1514038740000##7188##549506##8661##16256##27451985,1
b701e4e9,20171223-22:20:7:681|Step_ExtSDM|30002312|calculateCaloriesWithCache totalCalories=130651,1
b6d609e8,<*> 3761,59
ff036ae5,20171223-22:20:8:173|Step_SPUtils|30002312|setTodayTotalDetailSteps=1514038740000##7189##549557##8661##16256##27452491,1
f92125c1,<*> totalCalories=130673,48
4da247e5,20171223-22:20:13:165|Step_SPUtils|30002312|setTodayTotalDetailSteps=1514038740000##7189##549608##8661##16256##27457484,1
6dc1fbd4,20171223-22:20:16:175|Step_SPUtils|30002312|setTodayTotalDetailSteps=1514038740000##7189##549659##8661##16256##27460494,1
85c8d698,20171223-22:24:22:207|Step_SPUtils|30002312|setTodayTotalDetailSteps=1514038980000##7189##549659##8661##16256##27706526,1
fd182713,20171223-22:24:22:516|Step_SPUtils|30002312|setTodayTotalDetailSteps=1514038980000##7189##549659##8661##16256##27706835,1
9c615f97,20171223-22:24:52:185|Step_SPUtils|30002312|setTodayTotalDetailSteps=1514038980000##7189##549659##8661##16256##27736503,1
991d473e,20171223-22:24:54:186|Step_SPUtils|30002312|setTodayTotalDetailSteps=1514038980000##7189##549659##8661##16256##27738504,1
cef14f94,20171223-22:24:59:191|Step_SPUtils|30002312|setTodayTotalDetailSteps=1514038980000##7189##549659##8661##16256##27743510,1
0d48370a,20171223-22:30:24:28|Step_SPUtils|30002312|setTodayTotalDetailSteps=1514039340000##7189##549659##8661##16256##28068346,1
4ac9e64c,20171223-22:30:24:348|Step_SPUtils|30002312|setTodayTotalDetailSteps=1514039340000##7189##549659##8661##16256##28068666,1
286766c6,20171223-22:31:32:226|Step_SPUtils|30002312|setTodayTotalDetailSteps=1514039400000##7189##549659##8661##16256##28136544,1
17106e16,20171223-22:31:59:621|Step_SPUtils|30002312|setTodayTotalDetailSteps=1514039400000##7189##549659##8661##16256##28163940,1
b5bd81d7,"20171223-22:31:59:725|Step_LSC|30002312|timeStamp back,extendReportTimeStamp=1514039575000",1
2db43e84,20171223-22:31:59:957|Step_SPUtils|30002312|setTodayTotalDetailSteps=1514039400000##7189##549659##8661##16256##28164276,1
a8923c5c,<*> start autoSync,3
9bdb8eb4,20171223-22:32:28:801|HiH_HiBroadcastUtil|30002312|sendSyncFailedBroadcast,1
9ebe6e40,20171223-22:33:10:229|Step_SPUtils|30002312|setTodayTotalDetailSteps=1514039520000##7189##549659##8661##16256##28234547,1
68d5700a,20171223-22:33:46:304|Step_SPUtils|30002312|setTodayTotalDetailSteps=1514039520000##7189##549659##8661##16256##28270623,1
7e8da563,20171223-22:33:46:616|Step_SPUtils|30002312|setTodayTotalDetailSteps=1514039520000##7189##549659##8661##16256##28270935,1
93594b19,20171223-22:37:15:240|Step_SPUtils|30002312|setTodayTotalDetailSteps=1514039760000##7189##549659##8661##16256##28479559,1
6894cc70,20171223-22:39:25:302|Step_SPUtils|30002312|setTodayTotalDetailSteps=1514039880000##7189##549659##8661##16256##28609620,1
6126825f,"20171223-22:39:25:406|Step_LSC|30002312|timeStamp back,extendReportTimeStamp=1514039977000",1
a96f8ad7,20171223-22:39:25:614|Step_SPUtils|30002312|setTodayTotalDetailSteps=1514039880000##7189##549659##8661##16256##28609933,1
92806f59,20171223-22:45:49:259|Step_SPUtils|30002312|setTodayTotalDetailSteps=1514040240000##7189##549659##8661##16256##28993578,1
1bf62db0,20171223-22:45:55:257|Step_SPUtils|30002312|setTodayTotalDetailSteps=1514040240000##7189##549659##8661##16256##28999575,1
56766103,20171223-22:51:3:266|Step_SPUtils|30002312|setTodayTotalDetailSteps=1514040600000##7189##549659##8661##16256##29307585,1
54158bd2,20171223-22:51:37:293|Step_SPUtils|30002312|setTodayTotalDetailSteps=1514040600000##7189##549659##8661##16256##29341612,1
2ee342f4,20171223-22:51:37:608|Step_SPUtils|30002312|setTodayTotalDetailSteps=1514040600000##7189##549659##8661##16256##29341927,1
d99ac5b9,20171223-22:51:40:632|Step_SPUtils|30002312|setTodayTotalDetailSteps=1514040600000##7189##549659##8661##16256##29344951,1
c9325e4e,20171223-22:51:49:283|Step_SPUtils|30002312|setTodayTotalDetailSteps=1514040600000##7189##549659##8661##16256##29353602,1
94a7c7ea,20171223-22:52:45:487|Step_SPUtils|30002312|setTodayTotalDetailSteps=1514040660000##7189##549659##8661##16256##29409806,1
53eeb251,20171223-22:52:45:802|Step_SPUtils|30002312|setTodayTotalDetailSteps=1514040660000##7189##549659##8661##16256##29410120,1
80a3024d,20171223-22:52:46:287|Step_SPUtils|30002312|setTodayTotalDetailSteps=1514040660000##7189##549659##8661##16256##29410605,1
d7b157dd,20171223-22:52:52:288|Step_SPUtils|30002312|setTodayTotalDetailSteps=1514040660000##7189##549659##8661##16256##29416607,1
7d7a69c1,20171223-22:53:1:215|Step_SPUtils|30002312|setTodayTotalDetailSteps=1514040720000##7189##549659##8661##16256##29425533,1
4f8d2256,"20171223-22:53:1:320|Step_LSC|30002312|timeStamp back,extendReportTimeStamp=1514040836000",1
33d4819b,20171223-22:53:1:529|Step_SPUtils|30002312|setTodayTotalDetailSteps=1514040720000##7189##549659##8661##16256##29425847,1
452cfbba,20171223-22:53:7:299|Step_SPUtils|30002312|setTodayTotalDetailSteps=1514040720000##7189##549659##8661##16256##29431618,1
8d71b055,20171223-22:53:12:718|Step_SPUtils|30002312|setTodayTotalDetailSteps=1514040720000##7189##549659##8661##16256##29437037,1
fe375c20,20171223-22:53:13:39|Step_SPUtils|30002312|setTodayTotalDetailSteps=1514040720000##7189##549659##8661##16256##29437358,1
3c945240,20171223-22:54:55:331|Step_SPUtils|30002312|setTodayTotalDetailSteps=1514040780000##7189##549659##8661##16256##29539649,1
4004a6c7,20171223-22:55:55:735|Step_SPUtils|30002312|setTodayTotalDetailSteps=1514040840000##7189##549659##8661##16256##29600053,1
34ad0ecd,20171223-22:55:56:53|Step_SPUtils|30002312|setTodayTotalDetailSteps=1514040840000##7189##549659##8661##16256##29600372,1
8d693bef,20171223-23:7:6:126|Step_SPUtils|30002312|setTodayTotalDetailSteps=1514041560000##7189##549659##8661##16256##30270445,1
ec8aaf2d,20171223-23:7:6:446|Step_SPUtils|30002312|setTodayTotalDetailSteps=1514041560000##7189##549659##8661##16256##30270764,1
8cf25fb5,20171223-23:7:7:374|Step_SPUtils|30002312|setTodayTotalDetailSteps=1514041560000##7189##549659##8661##16256##30271693,1
054d8992,<*> mStepsRecordManager=com.huawei.health.g.c@8a2a501,6
dbdf51bc,20171223-23:7:50:267|Step_SPUtils|30002312|setTodayTotalDetailSteps=1514041560000##7189##549659##8661##16256##30314585,1
9ed22a14,20171223-23:7:51:228|Step_SPUtils|30002312|setTodayTotalDetailSteps=1514041560000##7189##549659##8661##16256##30315546,1
f49f1b32,20171223-23:8:9:235|Step_SPUtils|30002312|setTodayTotalDetailSteps=1514041620000##7189##549659##8661##16256##30333554,1
55b6809a,20171223-23:8:19:404|Step_SPUtils|30002312|setTodayTotalDetailSteps=1514041620000##7189##549659##8661##16256##30343722,1
69b21ad7,20171223-23:14:24:391|Step_SPUtils|30002312|setTodayTotalDetailSteps=1514041980000##7189##549659##8661##16256##30708710,1
2227393c,"20171223-23:14:24:499|Step_LSC|30002312|timeStamp back,extendReportTimeStamp=1514042082000",1
352bcc20,20171223-23:14:24:711|Step_SPUtils|30002312|setTodayTotalDetailSteps=1514041980000##7189##549659##8661##16256##30709030,1
2c508314,20171223-23:14:25:408|Step_SPUtils|30002312|setTodayTotalDetailSteps=1514041980000##7189##549659##8661##16256##30709727,1
9f7a742b,20171223-23:14:42:607|Step_LSC|30002312|onStandStepChanged 3763,1
a74ec039,20171223-23:14:42:910|Step_SPUtils|30002312|setTodayTotalDetailSteps=1514041980000##7191##549659##8661##16256##30727229,1
8c5f826d,20171223-23:14:42:925|Step_ExtSDM|30002312|calculateCaloriesWithCache totalCalories=130715,1
7ef8cbdd,20171223-23:14:43:108|Step_LSC|30002312|onStandStepChanged 3764,1
b0cac2f1,20171223-23:14:43:414|Step_SPUtils|30002312|setTodayTotalDetailSteps=1514041980000##7192##549659##8661##16256##30727733,1
655b2e98,20171223-23:14:43:426|Step_ExtSDM|30002312|calculateCaloriesWithCache totalCalories=130737,1
0183cfa9,20171223-23:14:43:611|Step_LSC|30002312|onStandStepChanged 3765,1
f53eba8c,20171223-23:14:43:914|Step_SPUtils|30002312|setTodayTotalDetailSteps=1514041980000##7193##549659##8661##16256##30728232,1
b2626a24,20171223-23:14:43:929|Step_ExtSDM|30002312|calculateCaloriesWithCache totalCalories=130758,1
882a973f,20171223-23:14:44:108|Step_LSC|30002312|onStandStepChanged 3768,1
a540b812,20171223-23:14:44:410|Step_SPUtils|30002312|setTodayTotalDetailSteps=1514041980000##7196##549659##8661##16256##30728728,1
3aa52754,20171223-23:14:44:425|Step_ExtSDM|30002312|calculateCaloriesWithCache totalCalories=130822,1
1e8d4c51,20171223-23:14:44:610|Step_LSC|30002312|onStandStepChanged 3770,1
849ec54e,20171223-23:14:44:914|Step_SPUtils|30002312|setTodayTotalDetailSteps=1514041980000##7198##549659##8661##16256##30729233,1
4f944ff8,20171223-23:14:44:930|Step_ExtSDM|30002312|calculateCaloriesWithCache totalCalories=130865,1
a3dd80b0,20171223-23:14:45:108|Step_LSC|30002312|onStandStepChanged 3772,1
586ec1c2,20171223-23:14:45:414|Step_SPUtils|30002312|setTodayTotalDetailSteps=1514041980000##7200##549659##8661##16256##30729733,1
e336979c,20171223-23:14:45:429|Step_ExtSDM|30002312|calculateCaloriesWithCache totalCalories=130908,1
7db216d4,20171223-23:14:45:607|Step_LSC|30002312|onStandStepChanged 3774,1
59b2f8ca,20171223-23:14:45:909|Step_SPUtils|30002312|setTodayTotalDetailSteps=1514041980000##7202##549659##8661##16256##30730227,1
eacb362d,20171223-23:14:45:916|Step_ExtSDM|30002312|calculateCaloriesWithCache totalCalories=130951,1
47a9084b,20171223-23:14:46:106|Step_LSC|30002312|onStandStepChanged 3777,1
8e2e4e82,20171223-23:14:46:409|Step_SPUtils|30002312|setTodayTotalDetailSteps=1514041980000##7205##549659##8661##16256##30730728,1
a4915793,20171223-23:14:46:425|Step_ExtSDM|30002312|calculateCaloriesWithCache totalCalories=131015,1
c6ef78ab,20171223-23:14:46:608|Step_LSC|30002312|onStandStepChanged 3780,1
8fb031a8,20171223-23:14:46:914|Step_SPUtils|30002312|setTodayTotalDetailSteps=1514041980000##7208##549659##8661##16256##30731232,1
d87c69d3,20171223-23:14:46:928|Step_ExtSDM|30002312|calculateCaloriesWithCache totalCalories=131079,1
f348166d,20171223-23:14:47:109|Step_LSC|30002312|onStandStepChanged 3783,1
aafd0fc7,20171223-23:14:47:412|Step_SPUtils|30002312|setTodayTotalDetailSteps=1514041980000##7211##549659##8661##16256##30731730,1
b973fb4a,20171223-23:14:47:421|Step_ExtSDM|30002312|calculateCaloriesWithCache totalCalories=131144,1
96124775,20171223-23:14:48:107|Step_LSC|30002312|onStandStepChanged 3784,1
88a3c710,20171223-23:14:48:410|Step_SPUtils|30002312|setTodayTotalDetailSteps=1514041980000##7212##549659##8661##16256##30732729,1
53f2d2aa,20171223-23:14:48:418|Step_ExtSDM|30002312|calculateCaloriesWithCache totalCalories=131165,1
6e6e3581,<*> 3786,73
1d3c1e7c,20171223-23:14:48:907|Step_SPUtils|30002312|setTodayTotalDetailSteps=1514041980000##7214##549659##8661##16256##30733226,1
184b290b,<*> totalCalories=131208,47
63967549,20171223-23:14:52:411|Step_SPUtils|30002312|setTodayTotalDetailSteps=1514041980000##7214##549659##8661##16256##30736730,1
c7ecdb07,20171223-23:16:23:411|Step_SPUtils|30002312|setTodayTotalDetailSteps=1514042100000##7214##549659##8661##16256##30827730,1
09328a34,20171223-23:17:40:996|Step_SPUtils|30002312|setTodayTotalDetailSteps=1514042160000##7214##549659##8661##16256##30905315,1
b024b77c,"20171223-23:17:41:100|Step_LSC|30002312|timeStamp back,extendReportTimeStamp=1514042265000",1
ac056219,20171223-23:17:41:306|Step_SPUtils|30002312|setTodayTotalDetailSteps=1514042160000##7214##549659##8661##16256##30905625,1
8c52a5ef,20171223-23:17:41:991|Step_SPUtils|30002312|setTodayTotalDetailSteps=1514042160000##7214##549659##8661##16256##30906310,1
0025e6ee,20171223-23:17:42:392|Step_SPUtils|30002312|setTodayTotalDetailSteps=1514042160000##7214##549659##8661##16256##30906710,1
301fd89f,20171223-23:19:20:440|Step_SPUtils|30002312|setTodayTotalDetailSteps=1514042280000##7214##549659##8661##16256##31004759,1
7965d39b,20171223-23:19:21:440|Step_SPUtils|30002312|setTodayTotalDetailSteps=1514042280000##7214##549659##8661##16256##31005759,1
de149b96,20171223-23:23:15:441|Step_SPUtils|30002312|setTodayTotalDetailSteps=1514042520000##7214##549659##8661##16256##31239760,1
1c296872,20171223-23:23:19:447|Step_SPUtils|30002312|setTodayTotalDetailSteps=1514042520000##7214##549659##8661##16256##31243766,1
1e7013a1,20171223-23:29:4:438|Step_SPUtils|30002312|setTodayTotalDetailSteps=1514042880000##7214##549659##8661##16256##31588757,1
b6a45d68,20171223-23:29:5:438|Step_SPUtils|30002312|setTodayTotalDetailSteps=1514042880000##7214##549659##8661##16256##31589757,1
37e99727,20171223-23:32:28:796|HiH_HiBroadcastUtil|30002312|sendSyncFailedBroadcast,1
d8592930,20171223-23:37:14:441|Step_SPUtils|30002312|setTodayTotalDetailSteps=1514043360000##7214##549659##8661##16256##32078759,1
74442b68,20171223-23:37:16:441|Step_SPUtils|30002312|setTodayTotalDetailSteps=1514043360000##7214##549659##8661##16256##32080760,1
e6da2c8f,20171223-23:40:10:446|Step_SPUtils|30002312|setTodayTotalDetailSteps=1514043540000##7214##549659##8661##16256##32254765,1
aa4c45ca,20171223-23:40:14:440|Step_SPUtils|30002312|setTodayTotalDetailSteps=1514043540000##7214##549659##8661##16256##32258759,1
2aed9680,20171223-23:42:39:207|Step_SPUtils|30002312|setTodayTotalDetailSteps=1514043660000##7214##549659##8661##16256##32403526,1
842b177a,20171223-23:46:7:444|Step_SPUtils|30002312|setTodayTotalDetailSteps=1514043900000##7214##549659##8661##16256##32611763,1
423807ab,20171223-23:46:14:440|Step_SPUtils|30002312|setTodayTotalDetailSteps=1514043900000##7214##549659##8661##16256##32618758,1
358e9bf4,20171223-23:50:48:708|Step_SPUtils|30002312|setTodayTotalDetailSteps=1514044140000##7214##549659##8661##16256##32893026,1
682fec0a,20171223-23:52:57:444|Step_SPUtils|30002312|setTodayTotalDetailSteps=1514044260000##7214##549659##8661##16256##33021763,1
5944ed89,20171223-23:53:0:442|Step_SPUtils|30002312|setTodayTotalDetailSteps=1514044320000##7214##549659##8661##16256##33024761,1
3f5d7c00,20171223-23:53:15:439|Step_SPUtils|30002312|setTodayTotalDetailSteps=1514044320000##7214##549659##8661##16256##33039758,1
3a36ffc5,20171223-23:53:17:444|Step_SPUtils|30002312|setTodayTotalDetailSteps=1514044320000##7214##549659##8661##16256##33041763,1
f905450e,20171223-23:53:25:441|Step_SPUtils|30002312|setTodayTotalDetailSteps=1514044320000##7214##549659##8661##16256##33049759,1
35a6feec,20171223-23:53:31:441|Step_SPUtils|30002312|setTodayTotalDetailSteps=1514044320000##7214##549659##8661##16256##33055760,1
1e989256,20171223-23:53:40:448|Step_SPUtils|30002312|setTodayTotalDetailSteps=1514044320000##7214##549659##8661##16256##33064766,1
04d1e57f,20171223-23:53:42:440|Step_SPUtils|30002312|setTodayTotalDetailSteps=1514044320000##7214##549659##8661##16256##33066759,1
7d9e540b,20171223-23:53:51:440|Step_SPUtils|30002312|setTodayTotalDetailSteps=1514044320000##7214##549659##8661##16256##33075759,1
1634f652,20171223-23:53:57:446|Step_SPUtils|30002312|setTodayTotalDetailSteps=1514044320000##7214##549659##8661##16256##33081765,1
45fa95b3,20171223-23:54:28:452|Step_SPUtils|30002312|setTodayTotalDetailSteps=1514044380000##7214##549659##8661##16256##33112771,1
57074873,20171223-23:54:29:439|Step_SPUtils|30002312|setTodayTotalDetailSteps=1514044380000##7214##549659##8661##16256##33113758,1
1194bd0a,20171223-23:54:34:439|Step_SPUtils|30002312|setTodayTotalDetailSteps=1514044380000##7214##549659##8661##16256##33118758,1
f40966d3,20171223-23:54:35:442|Step_SPUtils|30002312|setTodayTotalDetailSteps=1514044380000##7214##549659##8661##16256##33119761,1
09d77871,20171223-23:54:45:449|Step_SPUtils|30002312|setTodayTotalDetailSteps=1514044380000##7214##549659##8661##16256##33129767,1
f4c61cd1,20171223-23:54:47:454|Step_SPUtils|30002312|setTodayTotalDetailSteps=1514044380000##7214##549659##8661##16256##33131773,1
8aa26cfe,20171223-23:54:54:440|Step_SPUtils|30002312|setTodayTotalDetailSteps=1514044380000##7214##549659##8661##16256##33138759,1
08a037ce,20171223-23:54:56:452|Step_SPUtils|30002312|setTodayTotalDetailSteps=1514044380000##7214##549659##8661##16256##33140770,1
fb383f36,20171223-23:55:24:443|Step_SPUtils|30002312|setTodayTotalDetailSteps=1514044440000##7214##549659##8661##16256##33168762,1
2b255384,20171223-23:55:25:442|Step_SPUtils|30002312|setTodayTotalDetailSteps=1514044440000##7214##549659##8661##16256##33169760,1
1c063eee,20171223-23:56:12:449|Step_SPUtils|30002312|setTodayTotalDetailSteps=1514044500000##7214##549659##8661##16256##33216767,1
0ca2d78e,20171223-23:56:13:445|Step_SPUtils|30002312|setTodayTotalDetailSteps=1514044500000##7214##549659##8661##16256##33217764,1
18b945b4,20171223-23:56:28:444|Step_SPUtils|30002312|setTodayTotalDetailSteps=1514044500000##7214##549659##8661##16256##33232763,1
dc768656,20171223-23:56:35:440|Step_SPUtils|30002312|setTodayTotalDetailSteps=1514044500000##7214##549659##8661##16256##33239758,1
6dd53e65,20171223-23:57:34:440|Step_SPUtils|30002312|setTodayTotalDetailSteps=1514044560000##7214##549659##8661##16256##33298759,1
e1ca5f23,20171223-23:57:42:444|Step_SPUtils|30002312|setTodayTotalDetailSteps=1514044560000##7214##549659##8661##16256##33306763,1
07e74fdc,20171224-0:0:0:216|Step_StandStepDataManager|30002312|theDayChanged 1514044800216,1
6fa3d7f1,20171224-0:0:0:218|Step_StandStepDataManager|30002312|initEnviroument,1
d00452ae,20171224-0:0:0:218|Step_SPUtils|30002312|getStepCounterStatus,1
9129c162,<*> <*> true,2
6d27f0a1,20171224-0:0:0:218|Step_StandStepCounter|30002312|reStartStepCounter,1
a926a5a6,20171224-0:0:0:227|Step_DataCache|30002312|clear(),1
a8270493,<*> getTodayBasicStandardSteps= <*>,2
30235cd9,<*> getDiffTotalSteps= <*>,2
f38c3fd5,20171224-0:0:0:229|Step_SPUtils|30002312|setBasicStandardSteps basicStandardStep=3786 restartSteps=0,1
e2e6994e,20171224-0:0:0:232|Step_SPUtils|30002312|setDiffTotalSteps=0,1
c8288e2a,20171224-0:0:0:234|Step_StandStepDataManager|30002312|tryToReloadTodayBasicSteps1514044800223|3786|0|0,1
55865f17,20171224-0:0:0:234|Step_StandStepDataManager|30002312|reload : 3786 restar 0,1
659a31e3,20171224-0:0:0:234|Step_SPUtils|30002312|setTodayTotalDetailSteps=1514044740000##0##549659##8661##16256##33444553,1
2ff3ec32,<*> totalCalories=0,24
099dc72f,<*> totalAltitude=0,24
27f2b14a,20171224-0:0:0:236|Step_StandReportReceiver|30002312|REPORT : 0 0 0 0,1
3c439109,20171224-0:0:0:237|Step_HGNH|30002312|next day:steps0mLastReport7214,1
d6413d2e,20171224-0:0:0:237|Step_SPUtils|30002312|setGoalNotifiShownRecord 1514044800237 false,1
8cdf4fc6,20171224-0:0:0:240|Step_HGNH|30002312|closeNotification...,1
b8b9abc7,20171224-0:0:0:240|Step_NotificationUtil|30002312|deleteHealthNotification(),1
322397cb,20171224-0:0:0:624|Step_SPUtils|30002312|setTodayTotalDetailSteps=1514044740000##0##549659##8661##16256##33444943,1
04228fe3,20171224-0:0:5:438|Step_SPUtils|30002312|setTodayTotalDetailSteps=1514044740000##0##549659##8661##16256##33449757,1
2ade3960,20171224-0:0:6:445|Step_SPUtils|30002312|setTodayTotalDetailSteps=1514044740000##0##549659##8661##16256##33450764,1
ade804f3,20171224-0:5:22:774|Step_SPUtils|30002312|setTodayTotalDetailSteps=1514045040000##0##549659##8661##16256##33767093,1
6068f36b,20171224-0:6:16:864|Step_SPUtils|30002312|setTodayTotalDetailSteps=1514045100000##0##549659##8661##16256##33821183,1
ab222837,20171224-0:7:2:440|Step_SPUtils|30002312|setTodayTotalDetailSteps=1514045160000##0##549659##8661##16256##33866758,1
f47b3c82,20171224-0:7:4:439|Step_SPUtils|30002312|setTodayTotalDetailSteps=1514045160000##0##549659##8661##16256##33868758,1
96737470,20171224-0:7:20:439|Step_SPUtils|30002312|setTodayTotalDetailSteps=1514045160000##0##549659##8661##16256##33884757,1
0d021488,20171224-0:7:21:440|Step_SPUtils|30002312|setTodayTotalDetailSteps=1514045160000##0##549659##8661##16256##33885759,1
23c38637,20171224-0:9:4:441|Step_SPUtils|30002312|setTodayTotalDetailSteps=1514045280000##0##549659##8661##16256##33988760,1
94a256c1,20171224-0:9:6:442|Step_SPUtils|30002312|setTodayTotalDetailSteps=1514045280000##0##549659##8661##16256##33990761,1
ec8e33ca,20171224-0:9:34:440|Step_SPUtils|30002312|setTodayTotalDetailSteps=1514045280000##0##549659##8661##16256##34018758,1
59cac6f7,20171224-0:9:35:441|Step_SPUtils|30002312|setTodayTotalDetailSteps=1514045280000##0##549659##8661##16256##34019759,1
078873ba,20171224-0:10:9:438|Step_SPUtils|30002312|setTodayTotalDetailSteps=1514045340000##0##549659##8661##16256##34053757,1
b68e0c33,20171224-0:10:10:440|Step_SPUtils|30002312|setTodayTotalDetailSteps=1514045340000##0##549659##8661##16256##34054759,1
c20882e6,20171224-0:10:42:438|Step_SPUtils|30002312|setTodayTotalDetailSteps=1514045340000##0##549659##8661##16256##34086757,1
f29589db,20171224-0:10:43:441|Step_SPUtils|30002312|setTodayTotalDetailSteps=1514045340000##0##549659##8661##16256##34087759,1
6eb66670,20171224-0:11:56:446|Step_SPUtils|30002312|setTodayTotalDetailSteps=1514045400000##0##549659##8661##16256##34160765,1
83bfe695,20171224-0:11:57:443|Step_SPUtils|30002312|setTodayTotalDetailSteps=1514045400000##0##549659##8661##16256##34161762,1
318a3d2f,20171224-0:15:53:286|Step_SPUtils|30002312|setTodayTotalDetailSteps=1514045640000##0##549659##8661##16256##34397604,1
0641e5d2,20171224-0:25:16:439|Step_SPUtils|30002312|setTodayTotalDetailSteps=1514046240000##0##549659##8661##16256##34960758,1
f4d5cc77,20171224-0:25:17:438|Step_SPUtils|30002312|setTodayTotalDetailSteps=1514046240000##0##549659##8661##16256##34961757,1
40a7146b,20171224-0:28:25:454|Step_SPUtils|30002312|setTodayTotalDetailSteps=1514046420000##0##549659##8661##16256##35149773,1
092986d4,"20171224-0:32:28:799|HiH_HiSyncControl|30002312|checkCurrentDay a new day comes , reset basicSyncCondition, currentDay is 20171224 oldDay is 20171223",1
1f1af72c,20171224-0:32:28:806|HiH_HiBroadcastUtil|30002312|sendSyncFailedBroadcast,1
